0; 0; -1,39417; 100; 0; 
0,01; -0,0139393; -1,39367; 99,9995; -0,0957588; 
0,02; -0,0278729; -1,39302; 99,9981; -0,191515; 
0,03; -0,0417992; -1,39221; 99,9957; -0,287264; 
0,04; -0,0557165; -1,39123; 99,9923; -0,383003; 
0,05; -0,0696233; -1,3901; 99,988; -0,478728; 
0,06; -0,0835179; -1,3888; 99,9828; -0,574436; 
0,07; -0,0973988; -1,38735; 99,9765; -0,670123; 
0,08; -0,111264; -1,38573; 99,9694; -0,765785; 
0,09; -0,125113; -1,38396; 99,9612; -0,861419; 
0,1; -0,138943; -1,38203; 99,9521; -0,957021; 
0,11; -0,152753; -1,37993; 99,9421; -1,05259; 
0,12; -0,166541; -1,37768; 99,9311; -1,14811; 
0,13; -0,180306; -1,37527; 99,9191; -1,2436; 
0,14; -0,194046; -1,3727; 99,9062; -1,33904; 
0,15; -0,20776; -1,36998; 99,8923; -1,43443; 
0,16; -0,221445; -1,36709; 99,8775; -1,52976; 
0,17; -0,235101; -1,36404; 99,8617; -1,62504; 
0,18; -0,248725; -1,36084; 99,845; -1,72026; 
0,19; -0,262317; -1,35748; 99,8273; -1,81541; 
0,2; -0,275875; -1,35396; 99,8087; -1,9105; 
0,21; -0,289396; -1,35028; 99,7891; -2,00551; 
0,22; -0,30288; -1,34645; 99,7686; -2,10045; 
0,23; -0,316324; -1,34246; 99,7471; -2,19531; 
0,24; -0,329728; -1,33831; 99,7247; -2,29009; 
0,25; -0,34309; -1,33401; 99,7013; -2,38479; 
0,26; -0,356408; -1,32955; 99,677; -2,4794; 
0,27; -0,369681; -1,32493; 99,6517; -2,57391; 
0,28; -0,382906; -1,32016; 99,6255; -2,66833; 
0,29; -0,396083; -1,31523; 99,5984; -2,76265; 
0,3; -0,40921; -1,31015; 99,5703; -2,85687; 
0,31; -0,422286; -1,30491; 99,5412; -2,95098; 
0,32; -0,435308; -1,29951; 99,5113; -3,04498; 
0,33; -0,448275; -1,29396; 99,4803; -3,13887; 
0,34; -0,461187; -1,28826; 99,4485; -3,23265; 
0,35; -0,47404; -1,2824; 99,4157; -3,32631; 
0,36; -0,486834; -1,27639; 99,3819; -3,41984; 
0,37; -0,499567; -1,27023; 99,3473; -3,51325; 
0,38; -0,512238; -1,26391; 99,3117; -3,60653; 
0,39; -0,524845; -1,25744; 99,2752; -3,69967; 
0,4; -0,537386; -1,25081; 99,2377; -3,79268; 
0,41; -0,549861; -1,24403; 99,1993; -3,88556; 
0,42; -0,562267; -1,23711; 99,16; -3,97829; 
0,43; -0,574602; -1,23002; 99,1197; -4,07088; 
0,44; -0,586867; -1,22279; 99,0786; -4,16331; 
0,45; -0,599058; -1,21541; 99,0365; -4,2556; 
0,46; -0,611174; -1,20787; 98,9935; -4,34773; 
0,47; -0,623215; -1,20019; 98,9495; -4,43971; 
0,48; -0,635177; -1,19235; 98,9047; -4,53152; 
0,49; -0,647061; -1,18437; 98,8589; -4,62318; 
0,5; -0,658864; -1,17623; 98,8122; -4,71466; 
0,51; -0,670585; -1,16794; 98,7646; -4,80598; 
0,52; -0,682223; -1,15951; 98,7161; -4,89712; 
0,53; -0,693775; -1,15093; 98,6667; -4,98809; 
0,54; -0,705241; -1,1422; 98,6163; -5,07888; 
0,55; -0,716618; -1,13332; 98,5651; -5,16949; 
0,56; -0,727907; -1,12429; 98,5129; -5,25991; 
0,57; -0,739104; -1,11512; 98,4599; -5,35015; 
0,58; -0,750208; -1,1058; 98,4059; -5,4402; 
0,59; -0,761219; -1,09633; 98,3511; -5,53006; 
0,6; -0,772134; -1,08671; 98,2953; -5,61972; 
0,61; -0,782953; -1,07695; 98,2387; -5,70919; 
0,62; -0,793673; -1,06705; 98,1811; -5,79845; 
0,63; -0,804293; -1,057; 98,1227; -5,88751; 
0,64; -0,814813; -1,0468; 98,0634; -5,97637; 
0,65; -0,825229; -1,03646; 98,0032; -6,06502; 
0,66; -0,835541; -1,02598; 97,9421; -6,15345; 
0,67; -0,845748; -1,01535; 97,8801; -6,24168; 
0,68; -0,855848; -1,00458; 97,8173; -6,32968; 
0,69; -0,865839; -0,993667; 97,7535; -6,41747; 
0,7; -0,875721; -0,98261; 97,6889; -6,50504; 
0,71; -0,885491; -0,971411; 97,6234; -6,59239; 
0,72; -0,895149; -0,960071; 97,5571; -6,67951; 
0,73; -0,904692; -0,948589; 97,4898; -6,7664; 
0,74; -0,91412; -0,936966; 97,4217; -6,85306; 
0,75; -0,923431; -0,925202; 97,3528; -6,93949; 
0,76; -0,932623; -0,913298; 97,2829; -7,02568; 
0,77; -0,941696; -0,901254; 97,2123; -7,11164; 
0,78; -0,950648; -0,889071; 97,1407; -7,19736; 
0,79; -0,959477; -0,876748; 97,0683; -7,28284; 
0,8; -0,968183; -0,864287; 96,9951; -7,36807; 
0,81; -0,976763; -0,851688; 96,921; -7,45306; 
0,82; -0,985216; -0,83895; 96,846; -7,5378; 
0,83; -0,993541; -0,826076; 96,7702; -7,62229; 
0,84; -1,00174; -0,813064; 96,6936; -7,70653; 
0,85; -1,0098; -0,799915; 96,6161; -7,79052; 
0,86; -1,01773; -0,78663; 96,5377; -7,87425; 
0,87; -1,02553; -0,773209; 96,4586; -7,95772; 
0,88; -1,0332; -0,759652; 96,3786; -8,04094; 
0,89; -1,04073; -0,745961; 96,2978; -8,12389; 
0,9; -1,04812; -0,732135; 96,2161; -8,20658; 
0,91; -1,05537; -0,718174; 96,1336; -8,28901; 
0,92; -1,06248; -0,70408; 96,0503; -8,37117; 
0,93; -1,06945; -0,689852; 95,9662; -8,45306; 
0,94; -1,07628; -0,675491; 95,8813; -8,53468; 
0,95; -1,08296; -0,660997; 95,7955; -8,61603; 
0,96; -1,0895; -0,646371; 95,709; -8,69711; 
0,97; -1,09589; -0,631613; 95,6216; -8,77791; 
0,98; -1,10213; -0,616724; 95,5334; -8,85844; 
0,99; -1,10822; -0,601704; 95,4444; -8,93868; 
1; -1,11416; -0,586553; 95,3546; -9,01865; 
1,01; -1,11995; -0,571271; 95,264; -9,09834; 
1,02; -1,12559; -0,55586; 95,1727; -9,17775; 
1,03; -1,13107; -0,54032; 95,0805; -9,25688; 
1,04; -1,13639; -0,52465; 94,9875; -9,33572; 
1,05; -1,14156; -0,508852; 94,8938; -9,41427; 
1,06; -1,14657; -0,492925; 94,7992; -9,49254; 
1,07; -1,15142; -0,476871; 94,7039; -9,57052; 
1,08; -1,15611; -0,46069; 94,6078; -9,6482; 
1,09; -1,16063; -0,444381; 94,511; -9,7256; 
1,1; -1,16499; -0,427946; 94,4133; -9,80271; 
1,11; -1,16919; -0,411384; 94,3149; -9,87952; 
1,12; -1,17322; -0,394697; 94,2157; -9,95604; 
1,13; -1,17708; -0,377884; 94,1158; -10,0323; 
1,14; -1,18078; -0,360946; 94,0151; -10,1082; 
1,15; -1,1843; -0,343884; 93,9136; -10,1838; 
1,16; -1,18766; -0,326697; 93,8114; -10,2592; 
1,17; -1,19084; -0,309386; 93,7084; -10,3342; 
1,18; -1,19384; -0,291952; 93,6047; -10,4089; 
1,19; -1,19667; -0,274395; 93,5003; -10,4834; 
1,2; -1,19933; -0,256715; 93,3951; -10,5575; 
1,21; -1,20181; -0,238913; 93,2891; -10,6313; 
1,22; -1,20411; -0,22099; 93,1824; -10,7049; 
1,23; -1,20623; -0,202944; 93,075; -10,7781; 
1,24; -1,20817; -0,184778; 92,9669; -10,851; 
1,25; -1,20992; -0,16649; 92,858; -10,9236; 
1,26; -1,2115; -0,148083; 92,7484; -10,9959; 
1,27; -1,21288; -0,129555; 92,6381; -11,0679; 
1,28; -1,21409; -0,110908; 92,527; -11,1396; 
1,29; -1,2151; -0,092141; 92,4153; -11,211; 
1,3; -1,21593; -0,0732556; 92,3028; -11,2821; 
1,31; -1,21657; -0,0542516; 92,1896; -11,3529; 
1,32; -1,21701; -0,0351296; 92,0758; -11,4233; 
1,33; -1,21727; -0,0158897; 91,9612; -11,4935; 
1,34; -1,21733; 0,00346749; 91,8459; -11,5633; 
1,35; -1,2172; 0,0229417; 91,7299; -11,6329; 
1,36; -1,21687; 0,0425322; 91,6132; -11,7021; 
1,37; -1,21635; 0,0622383; 91,4959; -11,771; 
1,38; -1,21563; 0,0820593; 91,3778; -11,8396; 
1,39; -1,21471; 0,101995; 91,2591; -11,9079; 
1,4; -1,21359; 0,122043; 91,1397; -11,9759; 
1,41; -1,21227; 0,142205; 91,0196; -12,0435; 
1,42; -1,21074; 0,162479; 90,8988; -12,1109; 
1,43; -1,20902; 0,182864; 90,7774; -12,178; 
1,44; -1,20708; 0,20336; 90,6552; -12,2447; 
1,45; -1,20495; 0,223966; 90,5325; -12,3111; 
1,46; -1,2026; 0,244681; 90,409; -12,3772; 
1,47; -1,20005; 0,265505; 90,2849; -12,443; 
1,48; -1,19729; 0,286437; 90,1602; -12,5085; 
1,49; -1,19432; 0,307476; 90,0347; -12,5737; 
1,5; -1,19114; 0,328621; 89,9087; -12,6385; 
1,51; -1,18775; 0,349872; 89,782; -12,7031; 
1,52; -1,18415; 0,371228; 89,6546; -12,7673; 
1,53; -1,18033; 0,392688; 89,5266; -12,8313; 
1,54; -1,17629; 0,414252; 89,398; -12,8949; 
1,55; -1,17204; 0,435918; 89,2687; -12,9582; 
1,56; -1,16757; 0,457686; 89,1388; -13,0212; 
1,57; -1,16289; 0,479556; 89,0083; -13,0838; 
1,58; -1,15798; 0,501526; 88,8772; -13,1462; 
1,59; -1,15286; 0,523596; 88,7454; -13,2083; 
1,6; -1,14751; 0,545765; 88,613; -13,27; 
1,61; -1,14194; 0,568032; 88,48; -13,3315; 
1,62; -1,13615; 0,590397; 88,3464; -13,3926; 
1,63; -1,13013; 0,612859; 88,2121; -13,4534; 
1,64; -1,12389; 0,635416; 88,0773; -13,5139; 
1,65; -1,11742; 0,658069; 87,9419; -13,5741; 
1,66; -1,11073; 0,680816; 87,8058; -13,634; 
1,67; -1,10381; 0,703657; 87,6692; -13,6936; 
1,68; -1,09666; 0,726591; 87,532; -13,7529; 
1,69; -1,08928; 0,749617; 87,3941; -13,8119; 
1,7; -1,08166; 0,772734; 87,2557; -13,8705; 
1,71; -1,07382; 0,795942; 87,1167; -13,9289; 
1,72; -1,06574; 0,81924; 86,9771; -13,9869; 
1,73; -1,05744; 0,842627; 86,837; -14,0447; 
1,74; -1,04889; 0,866103; 86,6962; -14,1021; 
1,75; -1,04011; 0,889666; 86,5549; -14,1593; 
1,76; -1,0311; 0,913315; 86,4131; -14,2161; 
1,77; -1,02185; 0,937051; 86,2706; -14,2726; 
1,78; -1,01236; 0,960872; 86,1276; -14,3289; 
1,79; -1,00263; 0,984777; 85,984; -14,3848; 
1,8; -0,992661; 1,00877; 85,8399; -14,4404; 
1,81; -0,982453; 1,03284; 85,6952; -14,4958; 
1,82; -0,972004; 1,05699; 85,55; -14,5508; 
1,83; -0,961313; 1,08123; 85,4042; -14,6055; 
1,84; -0,950379; 1,10554; 85,2579; -14,6599; 
1,85; -0,939202; 1,12994; 85,111; -14,7141; 
1,86; -0,92778; 1,15441; 84,9636; -14,7679; 
1,87; -0,916113; 1,17896; 84,8157; -14,8215; 
1,88; -0,904201; 1,20359; 84,6672; -14,8747; 
1,89; -0,892041; 1,2283; 84,5182; -14,9277; 
1,9; -0,879634; 1,25308; 84,3686; -14,9803; 
1,91; -0,866979; 1,27794; 84,2186; -15,0327; 
1,92; -0,854075; 1,30287; 84,068; -15,0848; 
1,93; -0,840922; 1,32787; 83,9169; -15,1365; 
1,94; -0,827518; 1,35295; 83,7652; -15,188; 
1,95; -0,813863; 1,3781; 83,6131; -15,2392; 
1,96; -0,799955; 1,40332; 83,4605; -15,2902; 
1,97; -0,785796; 1,42861; 83,3073; -15,3408; 
1,98; -0,771383; 1,45397; 83,1536; -15,3911; 
1,99; -0,756716; 1,4794; 82,9995; -15,4412; 
2; -0,741795; 1,50489; 82,8448; -15,491; 
2,01; -0,726618; 1,53046; 82,6897; -15,5405; 
2,02; -0,711186; 1,55608; 82,534; -15,5897; 
2,03; -0,695496; 1,58178; 82,3779; -15,6386; 
2,04; -0,67955; 1,60754; 82,2212; -15,6872; 
2,05; -0,663345; 1,63336; 82,0641; -15,7356; 
2,06; -0,646882; 1,65925; 81,9065; -15,7837; 
2,07; -0,63016; 1,68519; 81,7485; -15,8315; 
2,08; -0,613178; 1,7112; 81,5899; -15,879; 
2,09; -0,595936; 1,73727; 81,4309; -15,9262; 
2,1; -0,578433; 1,7634; 81,2714; -15,9732; 
2,11; -0,560668; 1,78959; 81,1114; -16,0199; 
2,12; -0,542641; 1,81584; 80,951; -16,0664; 
2,13; -0,524351; 1,84214; 80,7901; -16,1125; 
2,14; -0,505798; 1,86851; 80,6287; -16,1584; 
2,15; -0,48698; 1,89492; 80,4669; -16,204; 
2,16; -0,467899; 1,92139; 80,3047; -16,2494; 
2,17; -0,448552; 1,94792; 80,1419; -16,2944; 
2,18; -0,42894; 1,9745; 79,9788; -16,3393; 
2,19; -0,409062; 2,00113; 79,8152; -16,3838; 
2,2; -0,388917; 2,02782; 79,6511; -16,4281; 
2,21; -0,368506; 2,05455; 79,4866; -16,4721; 
2,22; -0,347826; 2,08134; 79,3217; -16,5159; 
2,23; -0,326879; 2,10818; 79,1563; -16,5594; 
2,24; -0,305662; 2,13506; 78,9905; -16,6026; 
2,25; -0,284177; 2,16199; 78,8242; -16,6456; 
2,26; -0,262422; 2,18897; 78,6576; -16,6883; 
2,27; -0,240398; 2,216; 78,4905; -16,7307; 
2,28; -0,218102; 2,24307; 78,3229; -16,773; 
2,29; -0,195536; 2,27019; 78,155; -16,8149; 
2,3; -0,172699; 2,29735; 77,9866; -16,8566; 
2,31; -0,149589; 2,32455; 77,8179; -16,8981; 
2,32; -0,126207; 2,3518; 77,6487; -16,9392; 
2,33; -0,102553; 2,37908; 77,4791; -16,9802; 
2,34; -0,0786256; 2,40641; 77,3091; -17,0209; 
2,35; -0,0544246; 2,43378; 77,1387; -17,0613; 
2,36; -0,0299498; 2,46119; 76,9679; -17,1015; 
2,37; -0,00520074; 2,48864; 76,7966; -17,1415; 
2,38; 0,019823; 2,51612; 76,625; -17,1812; 
2,39; 0,0451218; 2,54364; 76,453; -17,2207; 
2,4; 0,070696; 2,5712; 76,2806; -17,2599; 
2,41; 0,0965459; 2,59879; 76,1078; -17,2989; 
2,42; 0,122672; 2,62642; 75,9346; -17,3376; 
2,43; 0,149074; 2,65408; 75,7611; -17,3762; 
2,44; 0,175754; 2,68178; 75,5871; -17,4144; 
2,45; 0,20271; 2,70951; 75,4128; -17,4525; 
2,46; 0,229944; 2,73727; 75,2381; -17,4903; 
2,47; 0,257456; 2,76506; 75,063; -17,5278; 
2,48; 0,285245; 2,79288; 74,8875; -17,5652; 
2,49; 0,313313; 2,82073; 74,7117; -17,6023; 
2,5; 0,34166; 2,84861; 74,5355; -17,6392; 
2,51; 0,370286; 2,87652; 74,3589; -17,6758; 
2,52; 0,39919; 2,90445; 74,1819; -17,7122; 
2,53; 0,428375; 2,93241; 74,0046; -17,7484; 
2,54; 0,457839; 2,9604; 73,827; -17,7844; 
2,55; 0,487583; 2,98841; 73,649; -17,8201; 
2,56; 0,517607; 3,01644; 73,4706; -17,8556; 
2,57; 0,547912; 3,0445; 73,2918; -17,8909; 
2,58; 0,578497; 3,07259; 73,1128; -17,926; 
2,59; 0,609363; 3,10069; 72,9333; -17,9609; 
2,6; 0,640511; 3,12881; 72,7535; -17,9955; 
2,61; 0,67194; 3,15696; 72,5734; -18,03; 
2,62; 0,70365; 3,18513; 72,3929; -18,0642; 
2,63; 0,735642; 3,21331; 72,2121; -18,0982; 
2,64; 0,767916; 3,24151; 72,031; -18,1319; 
2,65; 0,800473; 3,26973; 71,8495; -18,1655; 
2,66; 0,833311; 3,29797; 71,6677; -18,1989; 
2,67; 0,866432; 3,32623; 71,4855; -18,232; 
2,68; 0,899836; 3,3545; 71,303; -18,265; 
2,69; 0,933522; 3,38278; 71,1202; -18,2977; 
2,7; 0,967491; 3,41108; 70,9371; -18,3302; 
2,71; 1,00174; 3,43939; 70,7536; -18,3625; 
2,72; 1,03628; 3,46771; 70,5698; -18,3946; 
2,73; 1,0711; 3,49605; 70,3857; -18,4266; 
2,74; 1,1062; 3,5244; 70,2013; -18,4583; 
2,75; 1,14159; 3,55276; 70,0166; -18,4898; 
2,76; 1,17726; 3,58113; 69,8315; -18,5211; 
2,77; 1,21321; 3,6095; 69,6461; -18,5522; 
2,78; 1,24945; 3,63789; 69,4605; -18,5831; 
2,79; 1,28597; 3,66628; 69,2745; -18,6139; 
2,8; 1,32277; 3,69469; 69,0882; -18,6444; 
2,81; 1,35986; 3,72309; 68,9016; -18,6747; 
2,82; 1,39723; 3,75151; 68,7147; -18,7049; 
2,83; 1,43489; 3,77992; 68,5275; -18,7348; 
2,84; 1,47283; 3,80835; 68,34; -18,7646; 
2,85; 1,51106; 3,83677; 68,1522; -18,7941; 
2,86; 1,54957; 3,8652; 67,9641; -18,8235; 
2,87; 1,58836; 3,89364; 67,7757; -18,8527; 
2,88; 1,62744; 3,92207; 67,5871; -18,8817; 
2,89; 1,6668; 3,95051; 67,3981; -18,9106; 
2,9; 1,70645; 3,97894; 67,2089; -18,9392; 
2,91; 1,74638; 4,00738; 67,0193; -18,9677; 
2,92; 1,7866; 4,03581; 66,8295; -18,996; 
2,93; 1,8271; 4,06425; 66,6394; -19,0241; 
2,94; 1,86788; 4,09268; 66,449; -19,052; 
2,95; 1,90895; 4,12111; 66,2584; -19,0797; 
2,96; 1,9503; 4,14953; 66,0674; -19,1073; 
2,97; 1,99194; 4,17795; 65,8762; -19,1347; 
2,98; 2,03386; 4,20637; 65,6847; -19,1619; 
2,99; 2,07607; 4,23478; 65,493; -19,1889; 
3; 2,11856; 4,26319; 65,301; -19,2158; 
3,01; 2,16133; 4,29159; 65,1087; -19,2425; 
3,02; 2,20439; 4,31998; 64,9161; -19,2691; 
3,03; 2,24773; 4,34836; 64,7233; -19,2954; 
3,04; 2,29136; 4,37674; 64,5302; -19,3216; 
3,05; 2,33527; 4,40511; 64,3368; -19,3476; 
3,06; 2,37946; 4,43347; 64,1432; -19,3735; 
3,07; 2,42394; 4,46181; 63,9494; -19,3992; 
3,08; 2,4687; 4,49015; 63,7553; -19,4247; 
3,09; 2,51374; 4,51848; 63,5609; -19,4501; 
3,1; 2,55907; 4,54679; 63,3663; -19,4753; 
3,11; 2,60468; 4,57509; 63,1714; -19,5004; 
3,12; 2,65057; 4,60338; 62,9763; -19,5253; 
3,13; 2,69674; 4,63165; 62,7809; -19,55; 
3,14; 2,7432; 4,65991; 62,5853; -19,5746; 
3,15; 2,78994; 4,68816; 62,3894; -19,599; 
3,16; 2,83696; 4,71639; 62,1933; -19,6232; 
3,17; 2,88427; 4,7446; 61,9969; -19,6474; 
3,18; 2,93186; 4,7728; 61,8003; -19,6713; 
3,19; 2,97972; 4,80098; 61,6035; -19,6951; 
3,2; 3,02788; 4,82914; 61,4064; -19,7188; 
3,21; 3,07631; 4,85728; 61,2091; -19,7423; 
3,22; 3,12502; 4,88541; 61,0116; -19,7656; 
3,23; 3,17402; 4,91352; 60,8138; -19,7888; 
3,24; 3,22329; 4,9416; 60,6158; -19,8119; 
3,25; 3,27285; 4,96967; 60,4176; -19,8348; 
3,26; 3,32268; 4,99771; 60,2191; -19,8576; 
3,27; 3,3728; 5,02574; 60,0204; -19,8802; 
3,28; 3,4232; 5,05374; 59,8215; -19,9026; 
3,29; 3,47388; 5,08172; 59,6224; -19,925; 
3,3; 3,52483; 5,10967; 59,423; -19,9472; 
3,31; 3,57607; 5,13761; 59,2234; -19,9692; 
3,32; 3,62759; 5,16552; 59,0236; -19,9911; 
3,33; 3,67938; 5,1934; 58,8236; -20,0129; 
3,34; 3,73145; 5,22126; 58,6234; -20,0345; 
3,35; 3,78381; 5,24909; 58,4229; -20,056; 
3,36; 3,83644; 5,2769; 58,2222; -20,0774; 
3,37; 3,88934; 5,30468; 58,0214; -20,0986; 
3,38; 3,94253; 5,33243; 57,8203; -20,1197; 
3,39; 3,99599; 5,36016; 57,619; -20,1407; 
3,4; 4,04973; 5,38786; 57,4175; -20,1615; 
3,41; 4,10375; 5,41553; 57,2157; -20,1822; 
3,42; 4,15804; 5,44317; 57,0138; -20,2028; 
3,43; 4,21261; 5,47078; 56,8117; -20,2232; 
3,44; 4,26746; 5,49836; 56,6093; -20,2435; 
3,45; 4,32258; 5,52591; 56,4068; -20,2637; 
3,46; 4,37798; 5,55343; 56,2041; -20,2838; 
3,47; 4,43365; 5,58092; 56,0011; -20,3037; 
3,48; 4,48959; 5,60837; 55,798; -20,3235; 
3,49; 4,54582; 5,6358; 55,5947; -20,3432; 
3,5; 4,60231; 5,66319; 55,3911; -20,3627; 
3,51; 4,65908; 5,69055; 55,1874; -20,3821; 
3,52; 4,71612; 5,71787; 54,9835; -20,4015; 
3,53; 4,77344; 5,74516; 54,7794; -20,4206; 
3,54; 4,83102; 5,77242; 54,5751; -20,4397; 
3,55; 4,88888; 5,79964; 54,3706; -20,4587; 
3,56; 4,94702; 5,82683; 54,1659; -20,4775; 
3,57; 5,00542; 5,85398; 53,961; -20,4962; 
3,58; 5,0641; 5,88109; 53,756; -20,5148; 
3,59; 5,12304; 5,90817; 53,5507; -20,5333; 
3,6; 5,18226; 5,93521; 53,3453; -20,5516; 
3,61; 5,24175; 5,96221; 53,1397; -20,5699; 
3,62; 5,3015; 5,98918; 52,9339; -20,588; 
3,63; 5,36153; 6,0161; 52,728; -20,606; 
3,64; 5,42183; 6,04299; 52,5218; -20,6239; 
3,65; 5,48239; 6,06984; 52,3155; -20,6417; 
3,66; 5,54322; 6,09665; 52,109; -20,6594; 
3,67; 5,60432; 6,12342; 51,9023; -20,677; 
3,68; 5,66569; 6,15015; 51,6954; -20,6945; 
3,69; 5,72733; 6,17684; 51,4884; -20,7118; 
3,7; 5,78923; 6,20349; 51,2812; -20,7291; 
3,71; 5,8514; 6,2301; 51,0738; -20,7462; 
3,72; 5,91383; 6,25666; 50,8663; -20,7633; 
3,73; 5,97653; 6,28318; 50,6586; -20,7802; 
3,74; 6,03949; 6,30966; 50,4507; -20,797; 
3,75; 6,10272; 6,3361; 50,2426; -20,8138; 
3,76; 6,16621; 6,3625; 50,0344; -20,8304; 
3,77; 6,22997; 6,38885; 49,826; -20,8469; 
3,78; 6,29399; 6,41516; 49,6175; -20,8633; 
3,79; 6,35827; 6,44142; 49,4087; -20,8797; 
3,8; 6,42282; 6,46764; 49,1999; -20,8959; 
3,81; 6,48763; 6,49381; 48,9908; -20,912; 
3,82; 6,5527; 6,51994; 48,7816; -20,928; 
3,83; 6,61803; 6,54602; 48,5723; -20,9439; 
3,84; 6,68362; 6,57206; 48,3627; -20,9598; 
3,85; 6,74947; 6,59805; 48,1531; -20,9755; 
3,86; 6,81558; 6,624; 47,9432; -20,9911; 
3,87; 6,88195; 6,64989; 47,7332; -21,0066; 
3,88; 6,94857; 6,67575; 47,5231; -21,0221; 
3,89; 7,01546; 6,70155; 47,3128; -21,0374; 
3,9; 7,08261; 6,7273; 47,1024; -21,0527; 
3,91; 7,15001; 6,75301; 46,8918; -21,0678; 
3,92; 7,21767; 6,77867; 46,681; -21,0829; 
3,93; 7,28558; 6,80428; 46,4701; -21,0979; 
3,94; 7,35375; 6,82984; 46,259; -21,1128; 
3,95; 7,42218; 6,85536; 46,0478; -21,1276; 
3,96; 7,49086; 6,88082; 45,8365; -21,1423; 
3,97; 7,55979; 6,90623; 45,625; -21,1569; 
3,98; 7,62898; 6,93159; 45,4134; -21,1714; 
3,99; 7,69843; 6,95691; 45,2016; -21,1858; 
4; 7,76812; 6,98217; 44,9896; -21,2002; 
4,01; 7,83807; 7,00738; 44,7776; -21,2145; 
4,02; 7,90827; 7,03254; 44,5653; -21,2286; 
4,03; 7,97872; 7,05765; 44,353; -21,2427; 
4,04; 8,04942; 7,08271; 44,1405; -21,2568; 
4,05; 8,12037; 7,10771; 43,9279; -21,2707; 
4,06; 8,19157; 7,13266; 43,7151; -21,2845; 
4,07; 8,26303; 7,15756; 43,5022; -21,2983; 
4,08; 8,33473; 7,18241; 43,2891; -21,312; 
4,09; 8,40667; 7,20721; 43,0759; -21,3255; 
4,1; 8,47887; 7,23195; 42,8626; -21,3391; 
4,11; 8,55131; 7,25664; 42,6491; -21,3525; 
4,12; 8,624; 7,28127; 42,4356; -21,3658; 
4,13; 8,69694; 7,30585; 42,2218; -21,3791; 
4,14; 8,77012; 7,33038; 42,008; -21,3923; 
4,15; 8,84355; 7,35485; 41,794; -21,4054; 
4,16; 8,91722; 7,37927; 41,5799; -21,4185; 
4,17; 8,99113; 7,40364; 41,3656; -21,4314; 
4,18; 9,06529; 7,42795; 41,1512; -21,4443; 
4,19; 9,13969; 7,4522; 40,9367; -21,4571; 
4,2; 9,21433; 7,4764; 40,7221; -21,4699; 
4,21; 9,28922; 7,50054; 40,5073; -21,4825; 
4,22; 9,36434; 7,52463; 40,2924; -21,4951; 
4,23; 9,43971; 7,54866; 40,0774; -21,5076; 
4,24; 9,51532; 7,57264; 39,8623; -21,52; 
4,25; 9,59116; 7,59655; 39,647; -21,5324; 
4,26; 9,66725; 7,62042; 39,4316; -21,5447; 
4,27; 9,74357; 7,64422; 39,2161; -21,5569; 
4,28; 9,82013; 7,66797; 39,0005; -21,569; 
4,29; 9,89693; 7,69167; 38,7848; -21,5811; 
4,3; 9,97396; 7,7153; 38,5689; -21,5931; 
4,31; 10,0512; 7,73888; 38,3529; -21,605; 
4,32; 10,1287; 7,7624; 38,1368; -21,6169; 
4,33; 10,2065; 7,78586; 37,9206; -21,6287; 
4,34; 10,2845; 7,80927; 37,7042; -21,6404; 
4,35; 10,3627; 7,83261; 37,4877; -21,6521; 
4,36; 10,4411; 7,8559; 37,2712; -21,6637; 
4,37; 10,5198; 7,87913; 37,0545; -21,6752; 
4,38; 10,5987; 7,9023; 36,8377; -21,6866; 
4,39; 10,6778; 7,92542; 36,6207; -21,698; 
4,4; 10,7572; 7,94847; 36,4037; -21,7093; 
4,41; 10,8368; 7,97147; 36,1866; -21,7206; 
4,42; 10,9166; 7,99441; 35,9693; -21,7318; 
4,43; 10,9967; 8,01728; 35,7519; -21,7429; 
4,44; 11,077; 8,0401; 35,5344; -21,754; 
4,45; 11,1575; 8,06286; 35,3168; -21,765; 
4,46; 11,2382; 8,08556; 35,0991; -21,7759; 
4,47; 11,3192; 8,1082; 34,8813; -21,7868; 
4,48; 11,4004; 8,13078; 34,6634; -21,7976; 
4,49; 11,4818; 8,1533; 34,4454; -21,8083; 
4,5; 11,5635; 8,17577; 34,2272; -21,819; 
4,51; 11,6453; 8,19817; 34,009; -21,8297; 
4,52; 11,7274; 8,22051; 33,7906; -21,8402; 
4,53; 11,8097; 8,24279; 33,5722; -21,8507; 
4,54; 11,8923; 8,26501; 33,3536; -21,8612; 
4,55; 11,975; 8,28717; 33,135; -21,8716; 
4,56; 12,058; 8,30927; 32,9162; -21,8819; 
4,57; 12,1412; 8,3313; 32,6973; -21,8921; 
4,58; 12,2247; 8,35328; 32,4784; -21,9024; 
4,59; 12,3083; 8,3752; 32,2593; -21,9125; 
4,6; 12,3922; 8,39705; 32,0401; -21,9226; 
4,61; 12,4762; 8,41885; 31,8208; -21,9326; 
4,62; 12,5605; 8,44058; 31,6014; -21,9426; 
4,63; 12,645; 8,46226; 31,382; -21,9525; 
4,64; 12,7298; 8,48387; 31,1624; -21,9624; 
4,65; 12,8147; 8,50542; 30,9427; -21,9722; 
4,66; 12,8999; 8,52691; 30,723; -21,982; 
4,67; 12,9853; 8,54833; 30,5031; -21,9917; 
4,68; 13,0709; 8,5697; 30,2831; -22,0013; 
4,69; 13,1567; 8,591; 30,0631; -22,0109; 
4,7; 13,2427; 8,61225; 29,8429; -22,0205; 
4,71; 13,3289; 8,63343; 29,6226; -22,0299; 
4,72; 13,4153; 8,65455; 29,4023; -22,0394; 
4,73; 13,502; 8,6756; 29,1819; -22,0488; 
4,74; 13,5889; 8,6966; 28,9613; -22,0581; 
4,75; 13,6759; 8,71753; 28,7407; -22,0674; 
4,76; 13,7632; 8,7384; 28,52; -22,0766; 
4,77; 13,8507; 8,75921; 28,2992; -22,0857; 
4,78; 13,9384; 8,77996; 28,0783; -22,0949; 
4,79; 14,0263; 8,80065; 27,8573; -22,1039; 
4,8; 14,1144; 8,82127; 27,6362; -22,113; 
4,81; 14,2027; 8,84183; 27,415; -22,1219; 
4,82; 14,2912; 8,86233; 27,1937; -22,1309; 
4,83; 14,38; 8,88277; 26,9724; -22,1397; 
4,84; 14,4689; 8,90315; 26,751; -22,1485; 
4,85; 14,558; 8,92346; 26,5294; -22,1573; 
4,86; 14,6474; 8,94371; 26,3078; -22,166; 
4,87; 14,7369; 8,9639; 26,0861; -22,1747; 
4,88; 14,8266; 8,98402; 25,8643; -22,1834; 
4,89; 14,9166; 9,00409; 25,6424; -22,1919; 
4,9; 15,0067; 9,02409; 25,4205; -22,2005; 
4,91; 15,0971; 9,04403; 25,1984; -22,209; 
4,92; 15,1876; 9,06391; 24,9763; -22,2174; 
4,93; 15,2783; 9,08372; 24,7541; -22,2258; 
4,94; 15,3693; 9,10347; 24,5318; -22,2341; 
4,95; 15,4604; 9,12316; 24,3094; -22,2425; 
4,96; 15,5517; 9,14279; 24,0869; -22,2507; 
4,97; 15,6433; 9,16236; 23,8644; -22,2589; 
4,98; 15,735; 9,18186; 23,6418; -22,2671; 
4,99; 15,8269; 9,2013; 23,419; -22,2752; 
5; 15,919; 9,22068; 23,1962; -22,2833; 
5,01; 16,0113; 9,23999; 22,9734; -22,2913; 
5,02; 16,1038; 9,25925; 22,7504; -22,2993; 
5,03; 16,1965; 9,27844; 22,5274; -22,3073; 
5,04; 16,2894; 9,29757; 22,3043; -22,3152; 
5,05; 16,3824; 9,31664; 22,0811; -22,3231; 
5,06; 16,4757; 9,33564; 21,8578; -22,3309; 
5,07; 16,5692; 9,35458; 21,6345; -22,3387; 
5,08; 16,6628; 9,37346; 21,411; -22,3464; 
5,09; 16,7566; 9,39228; 21,1875; -22,3541; 
5,1; 16,8506; 9,41104; 20,964; -22,3617; 
5,11; 16,9449; 9,42973; 20,7403; -22,3694; 
5,12; 17,0392; 9,44837; 20,5166; -22,3769; 
5,13; 17,1338; 9,46694; 20,2928; -22,3845; 
5,14; 17,2286; 9,48544; 20,0689; -22,392; 
5,15; 17,3235; 9,50389; 19,8449; -22,3994; 
5,16; 17,4187; 9,52227; 19,6209; -22,4068; 
5,17; 17,514; 9,5406; 19,3968; -22,4142; 
5,18; 17,6095; 9,55886; 19,1726; -22,4215; 
5,19; 17,7051; 9,57706; 18,9484; -22,4288; 
5,2; 17,801; 9,59519; 18,724; -22,4361; 
5,21; 17,8971; 9,61327; 18,4996; -22,4433; 
5,22; 17,9933; 9,63128; 18,2752; -22,4505; 
5,23; 18,0897; 9,64924; 18,0506; -22,4576; 
5,24; 18,1863; 9,66713; 17,826; -22,4647; 
5,25; 18,283; 9,68496; 17,6013; -22,4718; 
5,26; 18,38; 9,70272; 17,3766; -22,4788; 
5,27; 18,4771; 9,72043; 17,1518; -22,4858; 
5,28; 18,5744; 9,73807; 16,9269; -22,4927; 
5,29; 18,6718; 9,75566; 16,7019; -22,4997; 
5,3; 18,7695; 9,77318; 16,4769; -22,5065; 
5,31; 18,8673; 9,79064; 16,2518; -22,5134; 
5,32; 18,9653; 9,80804; 16,0266; -22,5202; 
5,33; 19,0635; 9,82538; 15,8014; -22,527; 
5,34; 19,1618; 9,84266; 15,5761; -22,5337; 
5,35; 19,2603; 9,85988; 15,3507; -22,5404; 
5,36; 19,359; 9,87703; 15,1253; -22,5471; 
5,37; 19,4579; 9,89413; 14,8998; -22,5537; 
5,38; 19,5569; 9,91117; 14,6742; -22,5603; 
5,39; 19,6561; 9,92814; 14,4486; -22,5669; 
5,4; 19,7554; 9,94506; 14,2229; -22,5734; 
5,41; 19,855; 9,96191; 13,9971; -22,5799; 
5,42; 19,9547; 9,9787; 13,7713; -22,5863; 
5,43; 20,0546; 9,99544; 13,5454; -22,5928; 
5,44; 20,1546; 10,0121; 13,3194; -22,5991; 
5,45; 20,2548; 10,0287; 13,0934; -22,6055; 
5,46; 20,3552; 10,0453; 12,8673; -22,6118; 
5,47; 20,4557; 10,0618; 12,6411; -22,6181; 
5,48; 20,5564; 10,0782; 12,4149; -22,6244; 
5,49; 20,6573; 10,0946; 12,1887; -22,6306; 
5,5; 20,7583; 10,1109; 11,9623; -22,6368; 
5,51; 20,8595; 10,1271; 11,7359; -22,643; 
5,52; 20,9608; 10,1433; 11,5095; -22,6491; 
5,53; 21,0623; 10,1595; 11,2829; -22,6552; 
5,54; 21,164; 10,1755; 11,0564; -22,6613; 
5,55; 21,2659; 10,1916; 10,8297; -22,6673; 
5,56; 21,3679; 10,2075; 10,603; -22,6733; 
5,57; 21,47; 10,2234; 10,3762; -22,6793; 
5,58; 21,5723; 10,2393; 10,1494; -22,6852; 
5,59; 21,6748; 10,255; 9,92254; -22,6911; 
5,6; 21,7774; 10,2708; 9,6956; -22,697; 
5,61; 21,8802; 10,2864; 9,4686; -22,7029; 
5,62; 21,9831; 10,302; 9,24154; -22,7087; 
5,63; 22,0862; 10,3176; 9,01442; -22,7145; 
5,64; 22,1895; 10,3331; 8,78725; -22,7203; 
5,65; 22,2929; 10,3485; 8,56002; -22,726; 
5,66; 22,3965; 10,3639; 8,33273; -22,7317; 
5,67; 22,5002; 10,3792; 8,10539; -22,7374; 
5,68; 22,6041; 10,3944; 7,87798; -22,743; 
5,69; 22,7081; 10,4096; 7,65053; -22,7486; 
5,7; 22,8122; 10,4248; 7,42301; -22,7542; 
5,71; 22,9166; 10,4398; 7,19544; -22,7598; 
5,72; 23,021; 10,4549; 6,96782; -22,7653; 
5,73; 23,1257; 10,4698; 6,74014; -22,7708; 
5,74; 23,2304; 10,4848; 6,5124; -22,7763; 
5,75; 23,3354; 10,4996; 6,28461; -22,7817; 
5,76; 23,4404; 10,5144; 6,05677; -22,7871; 
5,77; 23,5456; 10,5291; 5,82887; -22,7925; 
5,78; 23,651; 10,5438; 5,60091; -22,7979; 
5,79; 23,7565; 10,5584; 5,37291; -22,8032; 
5,8; 23,8622; 10,573; 5,14485; -22,8085; 
5,81; 23,968; 10,5875; 4,91674; -22,8138; 
5,82; 24,0739; 10,602; 4,68857; -22,8191; 
5,83; 24,18; 10,6164; 4,46036; -22,8243; 
5,84; 24,2863; 10,6307; 4,23209; -22,8295; 
5,85; 24,3926; 10,645; 4,00377; -22,8347; 
5,86; 24,4992; 10,6592; 3,77539; -22,8398; 
5,87; 24,6058; 10,6734; 3,54697; -22,845; 
5,88; 24,7126; 10,6875; 3,31849; -22,8501; 
5,89; 24,8196; 10,7016; 3,08997; -22,8551; 
5,9; 24,9267; 10,7156; 2,86139; -22,8602; 
5,91; 25,0339; 10,7296; 2,63276; -22,8652; 
5,92; 25,1413; 10,7435; 2,40409; -22,8702; 
5,93; 25,2488; 10,7573; 2,17536; -22,8752; 
5,94; 25,3564; 10,7711; 1,94658; -22,8801; 
5,95; 25,4642; 10,7848; 1,71776; -22,885; 
5,96; 25,5721; 10,7985; 1,48888; -22,8899; 
5,97; 25,6801; 10,8122; 1,25996; -22,8948; 
5,98; 25,7883; 10,8257; 1,03099; -22,8997; 
5,99; 25,8967; 10,8392; 0,801967; -22,9045; 
6; 26,0051; 10,8527; 0,572898; -22,9093; 
6,01; 26,1137; 10,8661; 0,343781; -22,9141; 
6,02; 26,2224; 10,8795; 0,114617; -22,9188; 
6,03; 26,3132; 10,8906; -0,0763893; -22,9228; 
6,04; 26,3132; 10,8906; -0,0763893; -22,9228; 
6,05; 26,3132; 10,8906; -0,0763893; -22,9228; 
6,06; 26,3132; 10,8906; -0,0763893; -22,9228; 
6,07; 26,3132; 10,8906; -0,0763893; -22,9228; 
6,08; 26,3132; 10,8906; -0,0763893; -22,9228; 
6,09; 26,3132; 10,8906; -0,0763893; -22,9228; 
6,1; 26,3132; 10,8906; -0,0763893; -22,9228; 
6,11; 26,3132; 10,8906; -0,0763893; -22,9228; 
6,12; 26,3132; 10,8906; -0,0763893; -22,9228; 
6,13; 26,3132; 10,8906; -0,0763893; -22,9228; 
6,14; 26,3132; 10,8906; -0,0763893; -22,9228; 
6,15; 26,3132; 10,8906; -0,0763893; -22,9228; 
6,16; 26,3132; 10,8906; -0,0763893; -22,9228; 
6,17; 26,3132; 10,8906; -0,0763893; -22,9228; 
6,18; 26,3132; 10,8906; -0,0763893; -22,9228; 
6,19; 26,3132; 10,8906; -0,0763893; -22,9228; 
6,2; 26,3132; 10,8906; -0,0763893; -22,9228; 
6,21; 26,3132; 10,8906; -0,0763893; -22,9228; 
6,22; 26,3132; 10,8906; -0,0763893; -22,9228; 
6,23; 26,3132; 10,8906; -0,0763893; -22,9228; 
6,24; 26,3132; 10,8906; -0,0763893; -22,9228; 
6,25; 26,3132; 10,8906; -0,0763893; -22,9228; 
6,26; 26,3132; 10,8906; -0,0763893; -22,9228; 
6,27; 26,3132; 10,8906; -0,0763893; -22,9228; 
6,28; 26,3132; 10,8906; -0,0763893; -22,9228; 
6,29; 26,3132; 10,8906; -0,0763893; -22,9228; 
6,3; 26,3132; 10,8906; -0,0763893; -22,9228; 
6,31; 26,3132; 10,8906; -0,0763893; -22,9228; 
6,32; 26,3132; 10,8906; -0,0763893; -22,9228; 
6,33; 26,3132; 10,8906; -0,0763893; -22,9228; 
6,34; 26,3132; 10,8906; -0,0763893; -22,9228; 
6,35; 26,3132; 10,8906; -0,0763893; -22,9228; 
6,36; 26,3132; 10,8906; -0,0763893; -22,9228; 
6,37; 26,3132; 10,8906; -0,0763893; -22,9228; 
6,38; 26,3132; 10,8906; -0,0763893; -22,9228; 
6,39; 26,3132; 10,8906; -0,0763893; -22,9228; 
6,4; 26,3132; 10,8906; -0,0763893; -22,9228; 
6,41; 26,3132; 10,8906; -0,0763893; -22,9228; 
6,42; 26,3132; 10,8906; -0,0763893; -22,9228; 
6,43; 26,3132; 10,8906; -0,0763893; -22,9228; 
6,44; 26,3132; 10,8906; -0,0763893; -22,9228; 
6,45; 26,3132; 10,8906; -0,0763893; -22,9228; 
6,46; 26,3132; 10,8906; -0,0763893; -22,9228; 
6,47; 26,3132; 10,8906; -0,0763893; -22,9228; 
6,48; 26,3132; 10,8906; -0,0763893; -22,9228; 
6,49; 26,3132; 10,8906; -0,0763893; -22,9228; 
6,5; 26,3132; 10,8906; -0,0763893; -22,9228; 
6,51; 26,3132; 10,8906; -0,0763893; -22,9228; 
6,52; 26,3132; 10,8906; -0,0763893; -22,9228; 
6,53; 26,3132; 10,8906; -0,0763893; -22,9228; 
6,54; 26,3132; 10,8906; -0,0763893; -22,9228; 
6,55; 26,3132; 10,8906; -0,0763893; -22,9228; 
6,56; 26,3132; 10,8906; -0,0763893; -22,9228; 
6,57; 26,3132; 10,8906; -0,0763893; -22,9228; 
6,58; 26,3132; 10,8906; -0,0763893; -22,9228; 
6,59; 26,3132; 10,8906; -0,0763893; -22,9228; 
6,6; 26,3132; 10,8906; -0,0763893; -22,9228; 
6,61; 26,3132; 10,8906; -0,0763893; -22,9228; 
6,62; 26,3132; 10,8906; -0,0763893; -22,9228; 
6,63; 26,3132; 10,8906; -0,0763893; -22,9228; 
6,64; 26,3132; 10,8906; -0,0763893; -22,9228; 
6,65; 26,3132; 10,8906; -0,0763893; -22,9228; 
6,66; 26,3132; 10,8906; -0,0763893; -22,9228; 
6,67; 26,3132; 10,8906; -0,0763893; -22,9228; 
6,68; 26,3132; 10,8906; -0,0763893; -22,9228; 
6,69; 26,3132; 10,8906; -0,0763893; -22,9228; 
6,7; 26,3132; 10,8906; -0,0763893; -22,9228; 
6,71; 26,3132; 10,8906; -0,0763893; -22,9228; 
6,72; 26,3132; 10,8906; -0,0763893; -22,9228; 
6,73; 26,3132; 10,8906; -0,0763893; -22,9228; 
6,74; 26,3132; 10,8906; -0,0763893; -22,9228; 
6,75; 26,3132; 10,8906; -0,0763893; -22,9228; 
6,76; 26,3132; 10,8906; -0,0763893; -22,9228; 
6,77; 26,3132; 10,8906; -0,0763893; -22,9228; 
6,78; 26,3132; 10,8906; -0,0763893; -22,9228; 
6,79; 26,3132; 10,8906; -0,0763893; -22,9228; 
6,8; 26,3132; 10,8906; -0,0763893; -22,9228; 
6,81; 26,3132; 10,8906; -0,0763893; -22,9228; 
6,82; 26,3132; 10,8906; -0,0763893; -22,9228; 
6,83; 26,3132; 10,8906; -0,0763893; -22,9228; 
6,84; 26,3132; 10,8906; -0,0763893; -22,9228; 
6,85; 26,3132; 10,8906; -0,0763893; -22,9228; 
6,86; 26,3132; 10,8906; -0,0763893; -22,9228; 
6,87; 26,3132; 10,8906; -0,0763893; -22,9228; 
6,88; 26,3132; 10,8906; -0,0763893; -22,9228; 
6,89; 26,3132; 10,8906; -0,0763893; -22,9228; 
6,9; 26,3132; 10,8906; -0,0763893; -22,9228; 
6,91; 26,3132; 10,8906; -0,0763893; -22,9228; 
6,92; 26,3132; 10,8906; -0,0763893; -22,9228; 
6,93; 26,3132; 10,8906; -0,0763893; -22,9228; 
6,94; 26,3132; 10,8906; -0,0763893; -22,9228; 
6,95; 26,3132; 10,8906; -0,0763893; -22,9228; 
6,96; 26,3132; 10,8906; -0,0763893; -22,9228; 
6,97; 26,3132; 10,8906; -0,0763893; -22,9228; 
6,98; 26,3132; 10,8906; -0,0763893; -22,9228; 
6,99; 26,3132; 10,8906; -0,0763893; -22,9228; 
7; 26,3132; 10,8906; -0,0763893; -22,9228; 